{
	"id": "ddb01a2a-6f87-437b-bac7-692873d8a129",
	"name": "blockchain-project",
	"values": [
		{
			"key": "DOMAIN_URL_EXCHANGE",
			"value": "http://localhost:10101",
			"type": "default",
			"enabled": true
		},
		{
			"key": "DOMAIN_URL_TRANSACTION",
			"value": "http://localhost:10103",
			"type": "default",
			"enabled": true
		},
		{
			"key": "DOMAIN_URL_WALLET",
			"value": "http://localhost:10104",
			"type": "default",
			"enabled": true
		}
	],
	"_postman_variable_scope": "environment",
	"_postman_exported_at": "2022-04-30T10:28:59.654Z",
	"_postman_exported_using": "Postman/9.16.0"
}